Time	,	Pressure	,
2022_October_20_15:57.50	,		0.888735
2022_October_20_15:57.51	,		0.888735
2022_October_20_15:57.52	,		0.888735
