Time	,	Pressure	,
2022_October_20_15:53.52	,		0.422949
2022_October_20_15:53.53	,		0.423458
2022_October_20_15:53.54	,		0.422949
