Time	,	Pressure	,
2022_November_08_10:35.21	,		-0.000077
2022_November_08_10:35.22	,		-0.000077
2022_November_08_10:35.23	,		-0.000077
