Time	,	Pressure	,
2022_October_20_16:28.12	,		0.888735
2022_October_20_16:28.13	,		0.888735
2022_October_20_16:28.14	,		0.888735
2022_October_20_16:28.15	,		0.888735
