Time	,	Pressure	,
	,		0.000000
	,		0.456038
	,		0.456038
	,		0.456038
	,		0.456038
	,		0.456038
	,		0.456038
	,		0.456038
	,		0.456038
	,		0.456038
	,		0.456038
	,		0.456038
	,		0.456038
	,		0.456038
	,		0.456038
	,		0.456038
	,		0.456038
