Time	,	Pressure	,
	,		0.450947
	,		0.455529
	,		0.456038
	,		0.456038
	,		0.456038
	,		0.456038
	,		0.456038
	,		0.456038
	,		0.456038
	,		0.456038
	,		0.456038
	,		0.456038
	,		0.456038
	,		0.456038
	,		0.456038
	,		0.456038
	,		0.456038
