Time	,	Pressure (bar)	,
15:22:58.2758	,		0.375098
15:22:58.7767	,		0.375098
15:22:59.2925	,		0.375098
15:22:59.7761	,		0.375098
15:23:00.2764	,		0.375098
